{"cameraMode":{"drawMode":0,"name":"Shaded","section":"Shading Mode"},"sceneLighting":true,"audioPlay":false,"sceneViewState":{"m_AlwaysRefresh":false,"showFog":true,"showSkybox":true,"showFlares":true,"showImageEffects":true,"showParticleSystems":true,"showVisualEffectGraphs":true,"m_FxEnabled":true},"in2DMode":false,"pivot":{"x":-0.011394334025681019,"y":-0.011939620599150658,"z":0.08411931991577149},"rotation":{"x":0.06625577062368393,"y":0.9309810996055603,"z":-0.21395833790302277,"w":0.28828853368759158},"size":0.36328110098838808,"orthographic":false}